<addon id="script.module.viperscrapers" name="Viper Scrapers" version="1.0.0" provider-name="Jax">
	<requires>
		<import addon="xbmc.python" version="3.0.0" />
		<import addon="script.module.requests" />
	</requires>
	<extension point="xbmc.python.pluginsource" library="lib/default.py">
		<provides>executable</provides>
	</extension> 
	<extension point="xbmc.service" library="lib/service.py" start="startup" />
	<extension point="xbmc.python.module" library="lib" />
	<extension point="xbmc.addon.metadata">
		<reuselanguageinvoker>false</reuselanguageinvoker>
		<summary lang="en">Scrapers Module For Fen and Venom type Forks</summary>
		<description>This module is a fork of CoCoScrapers with new scrapers from Kodifitzwell installed[CR]Credits to the develpers involved from former Fenom coders Venom and MrKodi to current coders Umbrella_Dev, CocoJoe, and Kodifitzwell.[CR]Compatible with Fen, Fen Light, Umbrella, Ininity and any other add-on currently using CoCoScrapers</description>
		<platform>all</platform>
		<license>GNU GENERAL PUBLIC LICENSE. Version 3, 29 June 2007</license>
		<disclaimer lang="en">The author is not responsible for the use of this add-on. This add-on simply searches for files on the internet. The author is not responsible for the content found using this add-on. The author does not host or own any content found within this add-on.[CR]The author is in no way affiliated with Kodi, Team Kodi, or the XBMC Foundation.[CR]This is a Non-profit resource, organized solely for educational purposes which is protected under the Fair-Use doctrine of the Copyright Act, Specifically section 107, which does promote freedom of expression, by permitting the unlicensed use of copyright-protected works.</disclaimer>
		<assets>
			<icon>icon.png</icon>
			<fanart>fanart.jpg</fanart>
		</assets>
		<news>This is a fork of CocoScrapers with updated scrapers from Kodifitzwell.</news>
	</extension>
</addon>