<?xml version="1.0" encoding="UTF-8" standalone="yes"?>
<addon id="repository.viper" name="Viper Repository" version="1.0" provider-name="Jax">
<extension point="xbmc.addon.repository" name="Viper Repository">
    <dir>
        <info compressed="false">https://github.com/OldManJax/repository.viper/raw/master/addons.xml</info>
        <checksum>https://github.com/OldManJax/repository.viper/raw/master/addons.xml.md5</checksum>
        <datadir zip="true">https://github.com/OldManJax/repository.viper/raw/master/</datadir>
    </dir> 
</extension>
<extension point="xbmc.addon.metadata">
	<summary>Viper Scrapers Repo</summary>
    <description>For installation of the Viper Scapers</description>
    <platform>all</platform>
    <assets>
    <icon>icon.png</icon>
    </assets>
</extension>
</addon>